Editor,Inp_seq,Outp_seq,true_score,seq_id
ABEmax,ACAGAATTTGTTGAGGGCGA,ACAGAATTTGTTGAGGGCGA,0.52165544,seq_0
ABEmax,ACAGAATTTGTTGAGGGCGA,ACAGAGTTTGTTGAGGGCGA,0.110202119,seq_0
ABEmax,ACAGAATTTGTTGAGGGCGA,ACAGGATTTGTTGAGGGCGA,0.18094322100000002,seq_0
ABEmax,ACAGAATTTGTTGAGGGCGA,ACAGGGTTTGTTGAGGGCGA,0.16875199999999999,seq_0
ABEmax,ACAGAATTTGTTGAGGGCGA,ACGGAATTTGTTGAGGGCGA,0.005774783,seq_0
ABEmax,ACAGAATTTGTTGAGGGCGA,ACGGAGTTTGTTGAGGGCGA,0.00240616,seq_0
ABEmax,ACAGAATTTGTTGAGGGCGA,ACGGGATTTGTTGAGGGCGA,0.001604107,seq_0
ABEmax,ACAGAATTTGTTGAGGGCGA,ACGGGGTTTGTTGAGGGCGA,0.004331088,seq_0
ABEmax,GAGAATGTCCCAGCCTGCCC,GAGAATGTCCCAGCCTGCCC,0.6216972470000001,seq_1
ABEmax,GAGAATGTCCCAGCCTGCCC,GAGAGTGTCCCAGCCTGCCC,0.28548336,seq_1
ABEmax,GAGAATGTCCCAGCCTGCCC,GAGGATGTCCCAGCCTGCCC,0.035561081,seq_1
ABEmax,GAGAATGTCCCAGCCTGCCC,GAGGGTGTCCCAGCCTGCCC,0.0562636,seq_1
BE4max,CGCCTGTGGGACGGGACACG,CGCCTGTGGGACGGGACACG,0.8680925970000001,seq_2
BE4max,CGCCTGTGGGACGGGACACG,CGCTTGTGGGACGGGACACG,0.098623849,seq_2
BE4max,CGCCTGTGGGACGGGACACG,CGTCTGTGGGACGGGACACG,0.0007467460000000001,seq_2
BE4max,CGCCTGTGGGACGGGACACG,CGTTTGTGGGACGGGACACG,0.022775764,seq_2
BE4max,CGGCAACTACACCTGCGTCG,CGGCAACTACACCTGCGTCG,0.770897985,seq_3
BE4max,CGGCAACTACACCTGCGTCG,CGGCAACTATACCTGCGTCG,0.0024728470000000002,seq_3
BE4max,CGGCAACTACACCTGCGTCG,CGGCAATTACACCTGCGTCG,0.187112108,seq_3
BE4max,CGGCAACTACACCTGCGTCG,CGGCAATTATACCTGCGTCG,0.002957719,seq_3
BE4max,CGGCAACTACACCTGCGTCG,CGGTAACTACACCTGCGTCG,0.0054790540000000006,seq_3
BE4max,CGGCAACTACACCTGCGTCG,CGGTAACTATACCTGCGTCG,4.85e-05,seq_3
BE4max,CGGCAACTACACCTGCGTCG,CGGTAATTACACCTGCGTCG,0.029092319,seq_3
BE4max,CGGCAACTACACCTGCGTCG,CGGTAATTATACCTGCGTCG,0.0009697439999999999,seq_3
ABE8e,GTCTTCGACAAGAAGGGCAA,GTCTTCGACAAGAAGGGCAA,0.49502489,seq_4
ABE8e,GTCTTCGACAAGAAGGGCAA,GTCTTCGACAAGGAGGGCAA,0.000207297,seq_4
ABE8e,GTCTTCGACAAGAAGGGCAA,GTCTTCGACGAGAAGGGCAA,0.087479271,seq_4
ABE8e,GTCTTCGACAAGAAGGGCAA,GTCTTCGGCAAGAAGGGCAA,0.417288572,seq_4
ABE8e,CTGTGAAGCGCAGGGCAGGA,CTGTGAAGCGCAGGGCAGGA,0.698765814,seq_5
ABE8e,CTGTGAAGCGCAGGGCAGGA,CTGTGAAGCGCAGGGCAGGG,0.000304739,seq_5
ABE8e,CTGTGAAGCGCAGGGCAGGA,CTGTGAAGCGCAGGGCGGGA,0.000152369,seq_5
ABE8e,CTGTGAAGCGCAGGGCAGGA,CTGTGAAGCGCGGGGCAGGA,0.000457108,seq_5
ABE8e,CTGTGAAGCGCAGGGCAGGA,CTGTGAGGCGCAGGGCAGGA,0.011960993999999999,seq_5
ABE8e,CTGTGAAGCGCAGGGCAGGA,CTGTGGAGCGCAGGGCAGGA,0.28835898600000004,seq_5
Target-AID,GTTCCATGTCGGGTGAACCT,GTTCCATGTCGGGTGAACCT,0.886469662,seq_6
Target-AID,GTTCCATGTCGGGTGAACCT,GTTCCATGTCGGGTGAATCT,0.000777605,seq_6
Target-AID,GTTCCATGTCGGGTGAACCT,GTTCCATGTTGGGTGAACCT,0.022550544,seq_6
Target-AID,GTTCCATGTCGGGTGAACCT,GTTCTATGTCGGGTGAACCT,0.010108865,seq_6
Target-AID,GTTCCATGTCGGGTGAACCT,GTTTCATGTCGGGTGAACCT,0.080093309,seq_6
Target-AID,TAACAGATGAGCTGGAAGTA,TAACAGATGAGCTGGAAGTA,0.856097579,seq_7
Target-AID,TAACAGATGAGCTGGAAGTA,TAACAGATGAGTTGGAAGTA,0.002439024,seq_7
Target-AID,TAACAGATGAGCTGGAAGTA,TAATAGATGAGCTGGAAGTA,0.141463414,seq_7
